{"root":[{"assemblyName":"Assembly-CSharp","nameSpace":"Alteruna.TextChatCommands","className":"CommandCreateRoom","methodName":"Init","loadTypes":3,"isUnityClass":false},{"assemblyName":"Assembly-CSharp","nameSpace":"Alteruna.TextChatCommands","className":"CommandJoinRoom","methodName":"Init","loadTypes":3,"isUnityClass":false},{"assemblyName":"Assembly-CSharp","nameSpace":"Alteruna.TextChatCommands","className":"CommandLeaveRoom","methodName":"Init","loadTypes":3,"isUnityClass":false},{"assemblyName":"Assembly-CSharp","nameSpace":"Alteruna.TextChatCommands","className":"CommandLoadScene","methodName":"Init","loadTypes":3,"isUnityClass":false},{"assemblyName":"Assembly-CSharp","nameSpace":"Alteruna.TextChatCommands","className":"CommandMe","methodName":"Init","loadTypes":3,"isUnityClass":false},{"assemblyName":"Assembly-CSharp","nameSpace":"Alteruna.TextChatCommands","className":"CommandMove","methodName":"Init","loadTypes":3,"isUnityClass":false},{"assemblyName":"Assembly-CSharp","nameSpace":"Alteruna.TextChatCommands","className":"CommandPrint","methodName":"Init","loadTypes":3,"isUnityClass":false},{"assemblyName":"Assembly-CSharp","nameSpace":"Alteruna.TextChatCommands","className":"CommandRoom","methodName":"Init","loadTypes":3,"isUnityClass":false},{"assemblyName":"Assembly-CSharp","nameSpace":"Alteruna.TextChatCommands","className":"CommandRotate","methodName":"Init","loadTypes":3,"isUnityClass":false},{"assemblyName":"Assembly-CSharp","nameSpace":"Alteruna.TextChatCommands","className":"CommandScale","methodName":"Init","loadTypes":3,"isUnityClass":false},{"assemblyName":"Assembly-CSharp","nameSpace":"Alteruna.TextChatCommands","className":"CommandSync","methodName":"Init","loadTypes":3,"isUnityClass":false},{"assemblyName":"Assembly-CSharp","nameSpace":"Alteruna.TextChatCommands","className":"CommandTarget","methodName":"Init","loadTypes":3,"isUnityClass":false},{"assemblyName":"Assembly-CSharp","nameSpace":"Alteruna.TextChatCommands","className":"CommandTp","methodName":"Init","loadTypes":3,"isUnityClass":false},{"assemblyName":"Assembly-CSharp","nameSpace":"Alteruna.TextChatCommands","className":"CommandUid","methodName":"Init","loadTypes":3,"isUnityClass":false},{"assemblyName":"Unity.VisualScripting.Core","nameSpace":"Unity.VisualScripting","className":"RuntimeVSUsageUtility","methodName":"RuntimeInitializeOnLoadBeforeSceneLoad","loadTypes":1,"isUnityClass":true}]}
